prediction,label
0.560156,0.0
0.75882405,1.0
0.78434974,1.0
0.26735237,1.0
0.99349564,1.0
0.94188255,1.0
0.057763197,0.0
0.9299566,0.0
0.8863907,0.0
0.61059994,1.0
0.38817546,0.0
0.98137265,1.0
0.50936884,0.0
0.93952036,1.0
0.62971,0.0
0.89809304,1.0
0.09572901,0.0
0.056175884,0.0
0.26833698,1.0
0.7478449,0.0
0.8212345,1.0
0.95928764,1.0
0.57000905,0.0
0.22048973,1.0
0.80406106,0.0
0.14762327,1.0
0.8909796,1.0
0.28998744,0.0
0.7063547,0.0
0.30510426,0.0
0.6029653,1.0
0.9735161,1.0
0.5414493,1.0
0.87419623,0.0
0.0049111135,0.0
0.8817464,1.0
0.8751196,1.0
0.90370053,0.0
0.746327,1.0
0.66472906,0.0
0.03411686,0.0
0.43328,0.0
0.7516586,1.0
0.98950243,1.0
0.93714267,1.0
0.8324214,1.0
0.25514117,0.0
0.07838083,1.0
0.55064416,1.0
0.9729931,1.0
0.8562166,1.0
0.9579405,1.0
0.952644,0.0
0.9722335,1.0
0.9147989,1.0
0.6196425,1.0
0.9177041,1.0
0.60042495,1.0
0.050736185,0.0
0.835079,1.0
0.5319706,1.0
0.43202898,1.0
0.01626578,1.0
0.5152421,0.0
0.97458935,1.0
0.66510916,0.0
0.55900335,0.0
0.51671124,1.0
0.5389188,0.0
0.8092806,0.0
0.94039613,1.0
0.67656773,1.0
0.385753,1.0
0.9880873,0.0
0.332183,0.0
0.103778556,0.0
0.4762879,1.0
0.98932546,1.0
0.8525103,0.0
0.9906484,1.0
0.94643784,0.0
0.73684067,0.0
0.9963209,1.0
0.9455374,1.0
0.9855324,0.0
0.92834276,1.0
0.15325978,1.0
0.9817354,0.0
0.78064394,0.0
0.34468338,0.0
0.97196627,1.0
0.23632227,1.0
0.76135194,0.0
0.8830762,0.0
0.898324,0.0
0.9005503,0.0
0.9883852,1.0
0.7597313,1.0
0.3019568,1.0
0.20015278,0.0
0.21453634,1.0
0.37979624,0.0
0.9934234,1.0
0.44514582,0.0
0.80670637,0.0
0.12780741,1.0
0.6111827,1.0
0.96597975,0.0
0.0927316,0.0
0.9882378,1.0
0.779421,0.0
0.96530503,1.0
0.23043323,0.0
0.05804984,1.0
0.09108936,1.0
0.1836134,0.0
0.9722487,0.0
0.93278897,0.0
0.24040578,1.0
0.9987351,0.0
0.79315805,1.0
0.46023044,1.0
0.16467147,0.0
0.69290483,1.0
0.9723584,0.0
0.16386269,0.0
0.82940865,1.0
0.9774314,1.0
0.89914125,1.0
0.026878089,0.0
0.99680823,1.0
0.8707903,1.0
0.34749278,1.0
0.74299973,1.0
0.01399231,0.0
0.61779565,1.0
0.921529,0.0
0.17319487,1.0
0.17900674,1.0
0.850745,1.0
0.36256903,1.0
0.4609366,1.0
0.9398106,1.0
0.123053946,0.0
0.5248708,1.0
0.71593374,0.0
0.82575256,1.0
0.14498554,1.0
0.47264996,0.0
0.9253093,0.0
0.014575628,0.0
0.8512375,0.0
0.86816806,1.0
0.9837635,1.0
0.16497044,1.0
0.4725382,0.0
0.9825408,1.0
0.3158086,0.0
0.7107021,0.0
0.9555112,1.0
0.15681204,0.0
0.87548935,1.0
0.7105051,0.0
0.13810317,0.0
0.9168113,1.0
0.18871379,1.0
0.77943796,1.0
0.94308186,1.0
0.7304465,1.0
0.7491388,1.0
0.10361757,1.0
0.0043060663,0.0
0.5553342,0.0
0.99766886,1.0
0.029175589,0.0
0.99430305,1.0
0.96016085,0.0
0.9450281,1.0
0.8635729,0.0
0.8732452,0.0
0.95421076,0.0
0.91428345,1.0
0.014019108,0.0
0.74454844,0.0
0.32135206,0.0
0.87356424,0.0
0.048207622,0.0
0.8413917,0.0
0.43793485,0.0
0.16485468,0.0
0.93708813,0.0
0.9951609,1.0
0.9337353,1.0
0.9595801,0.0
0.106996536,0.0
0.1518525,0.0
0.14802825,1.0
0.070313185,0.0
0.8546354,1.0
0.8977187,0.0
0.9733654,1.0
0.43989214,0.0
0.42608044,0.0
0.06462667,0.0
0.44902107,1.0
0.89079523,1.0
0.3757506,1.0
0.608826,0.0
0.9959097,1.0
0.9181138,1.0
0.6656154,1.0
0.9682998,1.0
0.57065934,0.0
0.6310552,0.0
0.26710185,1.0
0.73667693,1.0
0.48507038,1.0
0.22790077,0.0
0.5916938,0.0
0.8355589,0.0
0.7307845,0.0
0.8932089,1.0
0.7896416,1.0
0.956044,0.0
0.9915727,1.0
0.25763178,0.0
0.1075803,1.0
0.9636866,1.0
0.8640316,1.0
0.019224947,1.0
0.8972039,1.0
0.18177111,0.0
0.7410513,0.0
0.7798998,1.0
0.4601059,1.0
0.95037335,1.0
0.3761615,1.0
0.970393,1.0
0.2537818,1.0
0.13597672,1.0
0.5551085,1.0
0.8589899,1.0
0.98511237,1.0
0.977982,1.0
0.98968315,0.0
0.88519776,1.0
0.99594766,0.0
0.10882475,1.0
0.22862525,1.0
0.054681607,1.0
0.92440146,1.0
0.74122703,1.0
0.66600525,1.0
0.119971894,0.0
0.5274582,0.0
0.7734101,1.0
0.22820237,0.0
0.98869306,1.0
0.17626134,0.0
0.45940858,1.0
0.70615107,1.0
0.41695234,0.0
0.71365637,0.0
0.58342046,1.0
0.068290435,1.0
0.9744795,0.0
0.30315256,0.0
0.6119177,1.0
0.5986434,0.0
0.90026265,0.0
0.88046306,0.0
0.5661255,0.0
0.87653846,1.0
0.7091089,1.0
0.68921316,1.0
0.20325255,0.0
0.8828293,1.0
0.11853957,0.0
0.33237064,1.0
0.50316346,1.0
0.5173475,1.0
0.88531065,1.0
0.6585277,0.0
0.7520795,1.0
0.75810677,1.0
0.91283125,1.0
0.8784203,1.0
0.8514864,0.0
0.62559074,1.0
0.2688538,1.0
0.032611467,0.0
0.46718168,0.0
0.9002127,1.0
0.84094757,1.0
0.12304628,1.0
0.90789586,0.0
0.9117719,1.0
0.47700372,0.0
0.8070553,1.0
0.9256328,0.0
0.9199757,0.0
0.9275522,1.0
0.98885185,1.0
0.8118165,0.0
0.9775618,1.0
0.015448366,1.0
0.89235747,0.0
0.68035835,1.0
0.9722099,1.0
0.009903426,0.0
0.0146906255,1.0
0.23809247,0.0
0.9176133,1.0
0.13986257,1.0
0.24533689,0.0
0.96883124,1.0
0.099776804,1.0
0.516689,0.0
0.5994644,0.0
0.2237858,0.0
0.94583875,0.0
0.6390633,1.0
0.5228559,1.0
0.8185732,0.0
0.9250049,1.0
0.65491515,1.0
0.5774743,0.0
0.8761665,1.0
0.95922995,1.0
0.20571542,0.0
0.9238349,0.0
0.030005157,0.0
0.6725845,1.0
0.07592996,1.0
0.7136712,0.0
0.77130795,0.0
0.55440754,0.0
0.60652864,0.0
0.592247,0.0
0.980652,1.0
0.9523307,0.0
0.8455372,0.0
0.8555166,1.0
0.9406244,1.0
0.94477445,0.0
0.72640336,1.0
0.2563351,0.0
0.98517925,0.0
0.41144535,0.0
0.9971431,1.0
0.9379023,1.0
0.70373476,1.0
0.8916979,0.0
0.0078492565,0.0
0.287174,0.0
0.030033624,1.0
0.70242655,0.0
0.0032346384,1.0
0.09421786,1.0
0.06759773,1.0
0.8860189,0.0
0.9527755,1.0
0.85632,0.0
0.154133,0.0
0.050104685,0.0
0.9959633,0.0
0.9482981,0.0
0.97396386,0.0
0.99432224,0.0
0.9056544,1.0
0.9373253,1.0
0.8241804,1.0
0.82741755,0.0
0.59756255,1.0
0.632486,0.0
0.03245244,0.0
0.6266388,1.0
0.9286356,1.0
0.16602263,1.0
0.57868683,1.0
0.7838789,1.0
0.33422622,0.0
0.35572886,1.0
0.040850114,0.0
0.60589755,0.0
0.0012214959,1.0
0.89434856,0.0
0.21116006,0.0
0.9501529,0.0
0.15607437,1.0
0.9118845,1.0
0.003918225,1.0
0.7270753,1.0
0.8116967,0.0
0.7793511,1.0
0.9915271,0.0
0.40951642,0.0
0.95502424,0.0
0.9103919,0.0
0.0003942166,1.0
0.9969123,1.0
0.9458634,1.0
0.9559583,0.0
0.81306404,1.0
0.124977306,1.0
0.44817707,1.0
0.68273866,1.0
0.6966374,1.0
0.47786346,1.0
0.48924527,0.0
0.81035596,0.0
0.93320847,1.0
0.63696593,1.0
0.11099889,0.0
0.041845005,0.0
0.95316184,1.0
0.47226366,1.0
0.7898893,0.0
0.6268965,1.0
0.72762877,1.0
0.24979806,0.0
0.100512005,0.0
0.88979226,0.0
0.7027361,1.0
0.8116935,1.0
0.5343408,0.0
0.07459886,0.0
0.95262593,1.0
0.34215215,0.0
0.44367948,0.0
0.79754984,0.0
0.26216158,0.0
0.4214513,1.0
0.85422736,1.0
0.028052626,0.0
0.6498278,1.0
0.95040816,1.0
0.965067,1.0
0.9739882,1.0
0.9446786,1.0
0.92023957,1.0
0.9061475,1.0
0.90897864,0.0
0.9064004,0.0
0.7816958,0.0
0.8890554,1.0
0.94596577,0.0
0.81805134,1.0
0.79517955,1.0
0.96150476,0.0
0.19351956,1.0
0.2555844,1.0
0.53533834,1.0
0.46845052,0.0
0.0694863,0.0
0.85417527,0.0
0.8414999,1.0
0.12887184,1.0
0.9599771,1.0
0.47934708,1.0
0.5699386,1.0
0.39327022,1.0
0.9929577,1.0
0.84712714,0.0
0.46511966,1.0
0.9835501,0.0
0.10716142,0.0
0.09257474,1.0
0.9640713,1.0
0.19103424,0.0
0.8876247,1.0
0.8564933,1.0
0.91708964,1.0
0.95888567,0.0
0.97922754,0.0
0.69350433,0.0
0.77382916,0.0
0.12048483,1.0
0.5311261,0.0
0.65709496,1.0
0.93846875,0.0
0.20785801,0.0
0.638561,0.0
0.4328997,0.0
0.99124664,0.0
0.99814874,1.0
0.12595725,0.0
0.8058378,1.0
0.7275885,1.0
0.9247972,0.0
0.85185605,0.0
0.9748438,0.0
0.019086715,0.0
0.80722696,0.0
0.6211855,0.0
0.6521444,0.0
0.1599246,1.0
0.35970518,1.0
0.7119698,1.0
0.8816509,1.0
0.14012548,0.0
0.69122565,1.0
0.982735,1.0
0.6546858,1.0
0.6271908,0.0
0.24149905,1.0
0.056271173,1.0
0.80023235,1.0
0.48687777,1.0
0.0049051,1.0
0.05495751,0.0
0.78683275,1.0
0.0010725226,0.0
0.7500193,0.0
0.3377703,1.0
0.85509443,1.0
0.96659774,1.0
0.32364357,0.0
0.016586883,0.0
0.3286377,0.0
0.16206522,1.0
0.04492333,1.0
0.14739059,0.0
0.20718396,1.0
0.9945775,1.0
0.89935726,0.0
0.66681576,1.0
0.45157057,1.0
0.8727061,0.0
0.85083675,1.0
0.73179096,1.0
0.047802042,1.0
0.020813888,1.0
0.21052329,1.0
0.76534283,1.0
0.8561188,1.0
0.9812369,1.0
0.79388505,1.0
0.29213032,1.0
0.07216987,0.0
0.98710614,0.0
0.7322702,1.0
0.03636088,0.0
0.15670903,1.0
0.8320204,1.0
0.8744505,0.0
0.81612426,1.0
0.9659317,1.0
0.44240546,1.0
0.60753536,0.0
0.80551904,0.0
0.29233328,1.0
0.8925492,0.0
0.9421522,0.0
0.9403974,1.0
0.33116564,0.0
0.655264,0.0
0.26289704,1.0
0.81201315,0.0
0.77424634,1.0
0.012724458,0.0
0.015895939,0.0
0.8499485,1.0
0.18959956,1.0
0.15440734,0.0
0.9367189,1.0
0.9915714,0.0
0.8258633,0.0
0.8453749,0.0
0.1639394,1.0
0.9779429,0.0
0.4973366,1.0
0.005586216,1.0
0.89935607,0.0
0.11829775,1.0
0.7486575,0.0
0.99013454,1.0
0.6715995,1.0
0.5382533,0.0
0.6475908,0.0
0.9307901,1.0
0.9318371,1.0
0.42957354,0.0
0.5210471,1.0
0.25938058,1.0
0.7786862,0.0
0.7560956,0.0
0.47980157,1.0
0.32232702,0.0
0.0302234,1.0
0.21005873,0.0
0.067906,0.0
0.88624823,0.0
0.11764424,0.0
0.85718423,1.0
0.59246725,1.0
0.06103761,0.0
0.034437895,1.0
0.1257178,0.0
0.8969452,0.0
0.09704074,1.0
0.82523507,1.0
0.64846706,0.0
0.09966194,1.0
0.23047455,0.0
0.9780942,0.0
0.19687133,0.0
0.9333733,1.0
0.70140266,1.0
0.8173513,0.0
0.9840471,1.0
0.05342261,1.0
0.5371277,0.0
0.15342848,0.0
0.4168437,0.0
0.8915823,0.0
0.8172038,0.0
0.22394942,1.0
9.36684e-05,0.0
0.75941753,1.0
0.7300256,1.0
0.97120684,1.0
0.9751037,1.0
0.35494244,1.0
0.8767516,1.0
0.7299149,0.0
0.9665188,0.0
0.4350341,0.0
0.24909405,0.0
0.14608614,1.0
0.9115637,0.0
0.96823806,1.0
0.0528588,0.0
0.96454144,0.0
0.19441943,1.0
0.93533087,0.0
0.061690103,0.0
0.8216509,1.0
0.3310474,0.0
0.0421053,1.0
0.64738303,0.0
0.98283684,0.0
0.13018596,0.0
0.60715765,0.0
0.5459301,1.0
0.9889645,1.0
0.8189201,0.0
0.009445014,1.0
0.97656673,0.0
0.78225917,0.0
0.579458,0.0
0.9029504,0.0
0.6906137,0.0
0.66981596,1.0
0.6681301,0.0
0.9708665,1.0
0.844394,0.0
0.090202115,1.0
0.39965507,1.0
0.16032451,1.0
0.66530985,1.0
0.4486787,1.0
0.99198437,1.0
0.59482694,1.0
0.8678972,1.0
0.4481946,1.0
0.74112034,1.0
0.7405987,1.0
0.7626714,1.0
0.10951276,1.0
0.9719412,0.0
0.88075364,1.0
0.28716362,1.0
0.89806986,1.0
0.8907092,0.0
0.6785895,0.0
0.5028319,1.0
0.7319538,1.0
0.8204447,0.0
0.028165935,0.0
0.7885648,0.0
0.87563306,1.0
0.3272271,1.0
0.47134605,1.0
0.5782768,1.0
0.022877531,0.0
0.4490591,0.0
0.9021124,1.0
0.8991146,0.0
0.6122547,1.0
0.8876163,1.0
0.009417916,0.0
0.7956284,1.0
0.054910608,0.0
0.97388047,1.0
0.8861327,0.0
0.7021147,1.0
0.9296517,0.0
0.8627786,0.0
0.8808481,0.0
0.441035,0.0
0.98025334,0.0
0.9210848,1.0
0.9415049,0.0
0.71756905,1.0
0.3436074,0.0
0.62180364,0.0
0.3780745,1.0
0.92520255,0.0
0.25235924,1.0
0.21481311,0.0
0.13354675,0.0
0.47855258,1.0
0.919727,1.0
0.063703775,0.0
0.6096695,0.0
0.84626406,1.0
0.25830975,1.0
0.902516,0.0
0.817705,1.0
0.77347296,0.0
0.7654586,1.0
0.20281446,1.0
0.6622273,1.0
0.9305501,0.0
0.9752675,0.0
0.46545562,1.0
0.90433276,1.0
0.71832556,1.0
0.04821032,0.0
0.88283396,1.0
0.8951916,0.0
0.87441987,0.0
0.99698585,1.0
0.69557756,0.0
0.98060495,0.0
0.743635,0.0
0.9754106,0.0
0.94355243,1.0
0.11446243,1.0
0.15806204,0.0
0.89923537,1.0
0.429486,1.0
0.90152323,1.0
0.3067211,1.0
0.64382124,0.0
0.40818006,1.0
0.6515264,0.0
0.5842506,1.0
0.5348787,0.0
0.724246,1.0
0.9300028,0.0
0.2209767,0.0
0.98980886,1.0
0.9570036,0.0
0.6070849,1.0
0.0079069985,0.0
0.86283666,0.0
0.4180316,0.0
0.626322,1.0
0.016444977,1.0
0.8069665,1.0
0.60063267,0.0
0.8621874,1.0
0.19305585,1.0
0.24143837,0.0
0.848708,0.0
0.45854458,0.0
0.0028219994,1.0
0.98703206,0.0
0.009736438,0.0
0.94074726,1.0
0.011833169,1.0
0.39623615,1.0
0.19357722,1.0
0.8720395,1.0
0.24927156,0.0
0.91770536,0.0
0.85493135,1.0
0.73660153,1.0
0.057033397,0.0
0.6165996,1.0
0.93939966,1.0
0.019094128,0.0
0.019842435,0.0
0.88684255,0.0
0.31225395,1.0
0.06709807,1.0
0.83164066,1.0
0.88009435,0.0
0.11664677,0.0
0.4394233,0.0
0.9462609,1.0
0.5513299,0.0
0.898246,0.0
0.016605055,1.0
0.014123844,0.0
0.808578,1.0
0.46392956,0.0
0.8852709,0.0
0.8223301,1.0
0.64975256,0.0
0.0788552,1.0
0.40845236,1.0
0.8794579,0.0
0.024958298,0.0
0.9892131,0.0
0.93248636,1.0
0.68199366,1.0
0.95938,0.0
0.059495308,1.0
0.03976965,0.0
0.19772853,1.0
0.95874804,0.0
0.6420871,1.0
0.2767051,1.0
0.71559376,0.0
0.14364766,0.0
0.8704826,0.0
0.9658789,1.0
0.9671219,1.0
0.7114443,1.0
0.82238597,1.0
0.32958007,0.0
0.7187291,1.0
0.7028452,1.0
0.99495506,1.0
0.7922986,1.0
0.9120803,0.0
0.6959605,1.0
0.757667,0.0
0.88896734,0.0
0.8609236,1.0
0.80420303,1.0
0.83000374,1.0
0.6598575,0.0
0.97888154,1.0
0.72854537,0.0
0.9432893,0.0
0.6208196,0.0
0.9648221,0.0
0.17660789,0.0
0.47397485,1.0
0.40761992,0.0
0.9942404,1.0
0.0070067034,1.0
0.7611866,1.0
0.914238,1.0
0.2988162,1.0
0.9271628,0.0
0.13053764,0.0
0.17740059,1.0
0.81764185,0.0
0.97978956,1.0
0.59618837,0.0
0.6580332,1.0
0.45932862,0.0
0.86143076,1.0
0.6197268,1.0
0.97308487,1.0
0.9406665,1.0
0.8705994,0.0
0.9216738,1.0
0.98452866,1.0
0.13216405,0.0
0.49436322,1.0
0.62411875,1.0
0.94233,0.0
0.08442072,0.0
0.81664366,1.0
0.55925584,0.0
0.8354956,0.0
0.1988871,1.0
0.9320446,1.0
0.84964794,1.0
0.46319056,0.0
0.24093044,0.0
0.8652544,1.0
0.49617296,1.0
0.24053477,0.0
0.4571185,1.0
0.07557259,0.0
0.08795094,0.0
0.92407763,1.0
0.8340956,1.0
0.6865176,0.0
0.6089059,0.0
0.6037712,0.0
0.1332943,0.0
0.93821925,0.0
0.28445792,0.0
0.60672843,0.0
0.01150596,1.0
0.38443547,1.0
0.6067878,0.0
0.05932374,0.0
0.44512105,1.0
0.0026727796,0.0
0.37102965,0.0
0.13118128,1.0
0.70623124,1.0
0.0073054046,1.0
0.8013174,1.0
0.15025204,0.0
0.8552171,0.0
0.6336572,1.0
0.97962904,1.0
0.52925503,0.0
0.79467964,1.0
0.30073595,1.0
0.83467287,0.0
0.39679396,1.0
0.76164484,0.0
0.9663515,0.0
0.008409225,1.0
0.05420142,1.0
0.9823548,0.0
0.99184227,0.0
0.68867224,0.0
0.49467254,1.0
0.5419282,0.0
0.92651683,1.0
0.82331735,1.0
0.9450157,1.0
0.8128241,0.0
0.026707605,0.0
0.82362956,1.0
0.57199186,1.0
0.38989648,0.0
0.2816732,0.0
0.41912848,1.0
0.8991467,1.0
0.010890923,0.0
0.61927605,1.0
0.92905515,1.0
0.13209653,0.0
0.2151032,1.0
0.9871031,1.0
0.012924238,1.0
0.9563038,0.0
0.3432921,1.0
0.14511923,1.0
0.47219467,0.0
0.56283873,0.0
0.42968574,1.0
0.88103276,1.0
0.34810242,0.0
0.0475683,0.0
0.96271527,1.0
0.75213605,0.0
0.9557849,1.0
0.9328375,0.0
0.13941696,0.0
0.19289695,0.0
0.073107935,1.0
0.75959224,1.0
0.9174337,0.0
0.9840334,0.0
0.9617346,0.0
0.8803716,1.0
0.86107486,1.0
0.8328959,1.0
0.47143045,0.0
0.11538978,0.0
0.88723356,0.0
0.1727002,0.0
0.7805852,0.0
0.33552986,1.0
0.74789345,0.0
0.29684457,1.0
0.71688926,1.0
0.4960099,1.0
0.10714497,1.0
0.9765375,1.0
0.9895897,0.0
0.6559216,0.0
0.41389313,1.0
0.94855195,1.0
0.46887952,1.0
0.7102067,1.0
0.9974147,0.0
0.9182609,1.0
0.20466088,1.0
0.0005766577,0.0
0.92683166,1.0
0.851314,1.0
0.78307325,1.0
0.47711608,1.0
0.04188678,1.0
0.20393358,1.0
0.9099059,1.0
0.9459297,0.0
0.12216643,0.0
0.0008498542,1.0
0.44856557,0.0
0.793824,0.0
0.59876585,1.0
0.17386568,0.0
0.9142563,1.0
0.026992707,1.0
0.021397753,1.0
0.9361459,1.0
0.99045175,0.0
0.9558339,0.0
0.0002909691,0.0
0.99674076,1.0
0.3413305,1.0
0.38277847,0.0
0.89887583,1.0
0.9065666,0.0
0.8284156,0.0
0.32775515,0.0
0.94916767,1.0
0.338895,1.0
0.43412462,1.0
0.4530448,0.0
0.7091047,1.0
0.10723349,0.0
0.6503319,1.0
0.8550758,0.0
0.90250236,1.0
0.5052914,1.0
0.4821538,0.0
0.029436434,1.0
0.93095285,1.0
0.712555,1.0
0.09123085,1.0
0.36368063,1.0
0.76138324,0.0
0.23379691,0.0
0.9987159,1.0
0.79041886,0.0
0.9545717,0.0
0.51611614,1.0
0.8551941,1.0
0.9690366,1.0
0.920397,0.0
0.10111964,0.0
0.059924584,1.0
0.45425233,1.0
0.9208897,0.0
0.0293858,1.0
0.52123994,1.0
0.976339,1.0
0.2208592,1.0
0.8156185,0.0
0.6155755,1.0
0.775877,1.0
0.44118497,0.0
0.4510351,1.0
0.7153103,0.0
0.0017579704,0.0
0.9931038,0.0
0.034045547,0.0
0.8053253,1.0
0.74892706,0.0
0.8313864,0.0
0.9090031,1.0
0.049756084,1.0
0.642332,0.0
0.8574858,1.0
0.6866274,1.0
0.9714038,0.0
0.6765361,1.0
0.84543,0.0
0.106194,1.0
0.97654164,1.0
0.6378861,0.0
0.78275985,1.0
0.5929309,1.0
0.957502,1.0
0.2445348,0.0
0.028364753,1.0
0.0629558,1.0
0.10466906,1.0
0.20037758,0.0
0.61868477,1.0
0.022045404,1.0
0.91822606,1.0
0.895827,0.0
0.43135366,0.0
0.4391831,1.0
0.04202931,0.0
0.8980072,1.0
0.9681733,1.0
0.89809984,1.0
0.28116074,0.0
0.17460124,0.0
0.7999413,0.0
0.099879265,0.0
0.23348892,1.0
0.3758711,0.0
0.97046965,0.0
0.5049214,1.0
0.5741544,1.0
0.71022457,0.0
0.9746219,1.0
0.45619646,0.0
0.044815447,1.0
0.8729399,0.0
0.86425716,0.0
0.50703377,1.0
0.9803516,1.0
0.79782766,0.0
0.041338306,0.0
0.96826345,1.0
0.5531651,1.0
0.74267,1.0
0.8544612,0.0
0.6266893,1.0
0.8722345,0.0
0.27318308,0.0
0.2780203,0.0
0.38337907,1.0
0.9901003,1.0
0.43210134,1.0
0.17187516,0.0
0.07855821,1.0
0.06446677,1.0
0.09531905,0.0
0.9827474,0.0
0.99614304,1.0
0.0938002,0.0
0.14267929,0.0
0.95302343,1.0
0.9271906,1.0
0.88262635,1.0
0.15456319,1.0
0.7151583,1.0
0.64683735,1.0
0.93417656,1.0
0.5375588,1.0
0.8165763,1.0
0.859571,0.0
0.17196845,1.0
0.47754374,0.0
0.26258892,1.0
0.7543451,1.0
0.31348372,1.0
0.85852873,0.0
0.80140895,1.0
0.9509277,0.0
0.9327418,0.0
0.21587263,1.0
0.8947911,1.0
0.8792576,1.0
0.5653869,0.0
0.8680337,1.0
0.8715906,0.0
0.43549734,0.0
0.017197723,1.0
0.92742914,1.0
0.96048945,1.0
0.94362766,1.0
0.9913579,1.0
0.49007747,0.0
0.96399564,0.0
0.15637963,1.0
0.07234717,1.0
0.8240534,0.0
0.07924531,1.0
0.75916475,1.0
0.6729445,1.0
0.85563153,0.0
0.7029735,0.0
0.83865565,0.0
0.57497716,1.0
0.8383085,0.0
0.5924725,1.0
0.9649645,1.0
0.49355307,0.0
0.66163915,1.0
0.9686619,1.0
0.70910704,0.0
0.39082214,0.0
0.7283429,1.0
0.27872106,0.0
0.8091342,0.0
0.14074662,1.0
0.3138415,0.0
0.930154,1.0
0.0059732907,1.0
0.9937456,1.0
0.510958,0.0
0.08771298,1.0
0.89102554,0.0
0.6381332,1.0
0.18239798,0.0
0.04793029,0.0
0.9633725,1.0
0.9073817,1.0
0.24320021,1.0
0.01029941,0.0
0.437134,1.0
0.33881894,1.0
0.5018477,1.0
0.7508894,0.0
0.033579446,0.0
0.11215949,0.0
0.6109647,1.0
0.4199197,0.0
0.7672545,0.0
0.926557,0.0
0.3268444,1.0
0.9525499,1.0
0.8034685,0.0
0.8765071,0.0
0.3069665,0.0
0.54125327,1.0
0.46175677,1.0
0.21456753,1.0
0.98758394,1.0
0.553844,0.0
0.030213995,1.0
0.8145296,0.0
0.008108797,1.0
0.9042434,0.0
0.15158454,0.0
0.46845946,1.0
0.11698711,1.0
0.54095924,0.0
0.76753014,1.0
0.82333344,1.0
0.9568146,0.0
0.8203678,0.0
0.1751323,0.0
0.1619214,0.0
0.12421687,0.0
0.75422376,0.0
0.49788305,1.0
0.95796984,1.0
0.95472014,0.0
0.9339041,0.0
0.95883864,1.0
0.82768214,1.0
0.9268183,0.0
0.94692993,0.0
0.587638,0.0
0.61652404,0.0
0.8116848,1.0
0.82566607,0.0
0.5456845,0.0
0.9430135,1.0
0.9033357,1.0
0.037252884,1.0
0.36645916,1.0
0.9800338,1.0
0.95796597,0.0
0.9948295,0.0
0.96205455,0.0
0.62791324,0.0
0.43895265,0.0
0.9400015,0.0
0.948129,1.0
0.9924412,0.0
0.16662973,0.0
0.41199788,1.0
0.059413522,0.0
0.6927679,1.0
0.1463772,1.0
0.85982305,0.0
0.9327103,1.0
0.9428542,0.0
0.97184557,1.0
0.04475181,0.0
0.42142233,1.0
0.30843338,1.0
0.3701024,0.0
0.44495717,1.0
0.83077204,0.0
0.9680899,0.0
0.6250693,0.0
0.3013041,0.0
0.8265833,1.0
0.22184801,0.0
0.7922229,0.0
0.979788,0.0
0.026364092,0.0
0.5454306,1.0
0.40700608,1.0
0.9561024,0.0
0.37137997,0.0
0.01095472,0.0
0.36743113,0.0
0.8967171,0.0
0.2884337,1.0
0.625234,1.0
0.05923288,0.0
0.37232384,1.0
0.27153525,1.0
0.54454815,1.0
0.614407,0.0
0.3171982,1.0
0.94080704,0.0
0.9593255,1.0
0.91820985,0.0
0.8776526,1.0
0.27312547,1.0
0.6694256,1.0
0.3263289,1.0
0.95450824,0.0
0.8727476,1.0
0.38455412,1.0
0.1470928,1.0
0.12015331,0.0
0.9911915,1.0
0.69871086,0.0
0.09155959,0.0
0.76182526,1.0
0.9587768,0.0
0.7330951,1.0
0.75800616,0.0
0.16566744,1.0
0.22076586,1.0
0.874082,1.0
0.20254569,0.0
0.33718452,1.0
0.25384042,0.0
0.5908124,0.0
0.8855322,1.0
0.47885847,1.0
0.7318387,1.0
0.9931423,1.0
0.93430823,0.0
0.9322216,0.0
0.9213549,1.0
0.9125649,0.0
0.98080933,1.0
0.48899695,1.0
0.98724097,0.0
0.009816402,1.0
0.28852794,1.0
0.93665296,0.0
0.8580263,1.0
0.75795066,0.0
0.98719406,0.0
0.9637678,1.0
0.8167826,0.0
0.6333903,1.0
0.88870114,1.0
0.44294104,1.0
0.06973047,0.0
0.81637573,0.0
0.032669637,0.0
0.94218343,1.0
0.2889417,0.0
0.71474856,1.0
0.5028638,0.0
0.87124693,1.0
0.24092086,0.0
0.4680891,0.0
0.01509087,0.0
0.2691179,0.0
0.87710255,0.0
0.73644745,0.0
0.95560306,1.0
0.8012506,1.0
0.92526114,1.0
0.29567274,1.0
0.8688698,1.0
0.3967068,1.0
0.8870453,0.0
0.8417182,0.0
0.6323089,0.0
0.6366925,1.0
0.97280866,0.0
0.9187426,1.0
0.14645112,1.0
0.7524614,1.0
0.5510604,1.0
0.061318405,0.0
0.9281294,1.0
0.29827565,0.0
0.97005683,0.0
0.8215477,0.0
0.972678,1.0
0.90366155,0.0
0.030425543,1.0
0.84117603,1.0
0.98817295,1.0
0.17873144,1.0
0.27785608,1.0
0.6668463,1.0
0.99637717,0.0
0.80465937,1.0
0.123192064,0.0
0.32699075,1.0
0.9964056,0.0
0.0014116598,1.0
0.9921406,1.0
0.056750156,0.0
0.016216211,0.0
0.86106455,0.0
0.89990634,1.0
0.81819504,0.0
0.9555063,1.0
0.56051415,0.0
0.9867883,1.0
0.5068545,1.0
0.8911384,1.0
0.32386285,0.0
0.04483935,1.0
0.9804985,1.0
0.75012726,1.0
0.2731709,0.0
0.8723791,1.0
0.42974654,1.0
0.1299947,1.0
0.8936123,1.0
0.887067,1.0
0.88714236,0.0
0.27371895,1.0
0.45225546,1.0
0.51035196,0.0
0.74411136,1.0
0.24058075,0.0
0.57401145,0.0
0.4224629,1.0
0.5708219,0.0
0.95612144,1.0
0.98286074,1.0
0.3402977,0.0
0.33033043,1.0
0.9061398,1.0
0.43907586,0.0
0.8117079,0.0
0.9331177,1.0
0.8287306,1.0
0.00043149292,1.0
0.85832494,1.0
0.47931463,1.0
0.8444895,0.0
0.779417,1.0
0.9018065,0.0
0.6156339,0.0
0.52286977,0.0
0.07304535,1.0
0.3973746,0.0
0.5203984,0.0
0.9678159,0.0
0.40854555,1.0
0.5225188,0.0
0.99501735,0.0
0.8075475,0.0
0.516094,0.0
0.002820008,0.0
0.9908061,1.0
0.45769867,1.0
0.9327678,0.0
0.7170534,1.0
0.13419206,1.0
0.9063678,1.0
0.9048525,0.0
0.014124584,0.0
0.6985673,1.0
0.84339637,0.0
0.07631888,0.0
0.46091577,1.0
0.6819939,0.0
0.8476656,1.0
0.9280451,1.0
0.056711763,1.0
0.56078887,1.0
0.53636855,1.0
0.75863016,0.0
0.89415616,0.0
0.0013571633,0.0
0.17874987,0.0
0.9180809,1.0
0.06954886,1.0
0.9617743,0.0
0.5009102,0.0
0.96075934,1.0
0.7224946,0.0
0.31768307,1.0
0.20677276,1.0
0.43673512,0.0
0.9567337,0.0
0.5555198,1.0
0.15164249,0.0
0.20667313,0.0
0.94401026,0.0
0.27392906,0.0
0.9301926,1.0
0.6094946,1.0
0.13354991,1.0
0.2476625,0.0
0.77413046,0.0
0.014004836,1.0
0.31586593,1.0
0.8987526,1.0
0.26063856,1.0
0.7129823,0.0
0.7937917,0.0
0.2036436,0.0
0.18972676,1.0
0.92514193,1.0
0.82484645,1.0
0.15846312,0.0
0.07164555,1.0
0.9933562,1.0
0.53098387,1.0
0.04432329,0.0
0.91982216,0.0
0.9010901,1.0
0.032985203,1.0
0.8465983,0.0
0.97494555,0.0
0.9210785,0.0
0.8017928,0.0
0.84496516,1.0
0.0769598,1.0
0.642182,1.0
0.9386243,0.0
0.8357512,1.0
0.98336184,1.0
0.96110195,0.0
0.9298894,1.0
0.9182992,0.0
0.9906457,0.0
0.9826016,0.0
0.18720637,1.0
0.59981054,0.0
0.013753489,0.0
0.060678985,0.0
0.924428,1.0
0.9627153,0.0
0.0016941924,1.0
0.6611574,1.0
0.60117507,0.0
0.26800436,1.0
0.2609552,1.0
0.9595143,1.0
0.6717086,0.0
0.9741896,1.0
0.16151689,0.0
0.07750402,0.0
0.020932123,0.0
0.8642133,1.0
0.72197926,0.0
0.44630012,1.0
0.8967515,0.0
0.81822795,1.0
0.73634654,0.0
0.17481731,0.0
0.6421409,0.0
0.84787047,0.0
0.9331708,1.0
0.7646939,0.0
0.97666234,1.0
0.35730883,1.0
0.6459789,0.0
0.115847744,1.0
0.023237133,0.0
0.898066,0.0
0.57929224,1.0
0.37314054,1.0
0.79927754,1.0
0.05966678,1.0
0.9503595,1.0
0.7895328,1.0
0.8810782,0.0
0.7034495,1.0
0.8181085,1.0
0.90464365,1.0
0.9816222,1.0
0.9491833,0.0
0.93495506,0.0
0.88863796,0.0
0.51879495,1.0
0.5710565,0.0
0.73828554,0.0
0.32930908,1.0
0.0013921254,0.0
0.9722356,0.0
0.8937411,0.0
0.23255992,0.0
0.8822884,0.0
0.75765675,0.0
0.9961492,1.0
0.45407876,0.0
0.9872903,1.0
0.336509,1.0
0.77742875,0.0
0.46399903,1.0
0.92607117,1.0
0.6645481,1.0
0.9511269,1.0
0.7639164,1.0
0.99899435,1.0
0.59765816,1.0
0.101994574,1.0
0.54135936,1.0
0.7939419,1.0
0.36593133,1.0
0.83106196,0.0
0.59105486,1.0
0.0011490331,0.0
0.9450989,1.0
0.9374811,0.0
0.21575604,1.0
0.7852395,1.0
0.22423644,1.0
0.8453585,1.0
0.99226993,1.0
0.061947476,0.0
0.96955377,0.0
0.8295108,1.0
0.84259063,1.0
0.9308012,1.0
0.88452834,0.0
0.33631888,1.0
0.90899485,1.0
0.01989178,0.0
0.34305516,1.0
0.957609,1.0
0.75572795,1.0
0.84759283,0.0
0.70208246,0.0
0.983679,0.0
0.2577406,0.0
0.75096226,0.0
0.73975915,0.0
0.8651334,0.0
0.7934081,1.0
0.87934107,1.0
0.64896595,1.0
0.26821223,1.0
0.007848117,1.0
0.6786564,0.0
0.019641398,1.0
0.7269891,0.0
0.95208025,0.0
0.40346012,1.0
0.6047443,1.0
0.90629953,0.0
0.9174029,1.0
0.90358114,1.0
0.9980378,0.0
0.17548157,1.0
0.88344336,1.0
0.21110883,0.0
0.94665956,1.0
0.8344304,1.0
0.26475337,1.0
0.59530133,1.0
0.98768216,1.0
0.42381167,0.0
0.12030858,1.0
0.261147,1.0
0.025441343,0.0
0.2836488,1.0
0.844401,0.0
0.04345232,1.0
0.28897086,0.0
0.36696896,1.0
0.82159644,0.0
0.9659812,1.0
0.28084564,1.0
0.4322826,1.0
0.89568615,1.0
0.8418093,1.0
0.438929,0.0
0.32484093,0.0
0.01267325,0.0
0.8317687,0.0
0.8343343,1.0
0.12397825,0.0
0.9107898,1.0
0.6240102,1.0
0.076054186,0.0
0.9625887,1.0
0.10702626,0.0
0.5535378,0.0
0.5490155,1.0
0.019005483,0.0
0.1560519,0.0
0.13509741,1.0
0.88796854,0.0
0.7951635,1.0
0.7689225,0.0
0.073424004,1.0
0.6331547,0.0
0.8987501,0.0
0.72323555,1.0
0.3411437,1.0
0.28621393,0.0
0.9835092,0.0
0.19962177,0.0
0.8719786,0.0
0.2895004,1.0
0.25579897,1.0
0.92897093,1.0
0.027303327,1.0
0.8562352,0.0
0.34972882,0.0
0.5462146,1.0
0.898765,0.0
0.71399146,0.0
0.3277304,1.0
0.9760019,1.0
0.74330753,1.0
0.552026,1.0
0.29557082,1.0
0.059198298,0.0
0.20248027,1.0
0.92863876,0.0
0.061255682,0.0
0.93501616,0.0
0.87537956,1.0
0.99938965,1.0
0.22310221,0.0
0.08775682,1.0
0.18822998,1.0
0.95585555,1.0
0.9624651,0.0
0.2720464,0.0
0.95142585,0.0
0.7352225,1.0
0.4466179,1.0
0.033968862,0.0
0.27678606,1.0
0.20977907,0.0
0.24790616,1.0
0.32253104,1.0
0.9851551,0.0
0.35698685,1.0
0.9099278,0.0
0.39164528,1.0
0.66440654,1.0
0.23509996,0.0
0.6844493,0.0
0.7728175,1.0
0.83350676,1.0
0.878586,0.0
0.69395447,0.0
0.8528035,0.0
0.07841803,1.0
0.9586631,0.0
0.94151753,0.0
0.75659084,0.0
0.59806025,0.0
0.7152001,1.0
0.9529853,1.0
0.7210754,0.0
0.17331533,1.0
0.9643685,0.0
0.56447935,1.0
0.8959839,0.0
0.90575117,1.0
0.88649,0.0
0.056988407,0.0
0.23090632,1.0
0.13970472,0.0
0.86162585,0.0
0.7508635,1.0
0.82641166,1.0
0.98169917,0.0
0.3753705,1.0
0.8552033,0.0
0.4459675,1.0
0.5204121,1.0
0.8170771,1.0
0.79045886,0.0
0.9727697,0.0
0.95462954,0.0
0.19044328,1.0
0.6595114,0.0
0.07991244,0.0
0.86657107,0.0
0.15852164,1.0
0.92534703,0.0
0.19727406,1.0
0.035719935,1.0
0.77567863,0.0
0.3628364,0.0
0.01333306,1.0
0.19849908,1.0
0.19711559,0.0
0.8956934,0.0
0.01758801,1.0
0.69757265,1.0
0.09136269,0.0
0.63822454,0.0
0.8546975,0.0
0.9071639,1.0
0.89436287,0.0
0.86667997,0.0
0.92127496,1.0
0.4805312,1.0
0.9329098,0.0
0.456746,0.0
0.09728636,1.0
0.45285687,1.0
0.44953212,1.0
0.7941677,0.0
0.6637871,0.0
0.90094054,1.0
0.59276885,1.0
0.6854732,0.0
0.7843394,1.0
0.7921953,0.0
0.9077863,0.0
0.95938426,1.0
0.9955141,1.0
0.014598722,0.0
0.58625096,1.0
0.89822733,0.0
0.5093492,1.0
0.8905968,0.0
0.096434414,1.0
0.037534542,1.0
0.11153563,1.0
0.4875031,0.0
0.0040564025,1.0
0.04225513,0.0
0.3749135,0.0
0.10067383,0.0
0.10460322,1.0
0.9813963,1.0
0.29765105,0.0
0.1239913,1.0
0.066430606,0.0
0.5681648,0.0
0.96802944,0.0
0.52179337,1.0
0.1071979,0.0
0.88142794,0.0
0.63353026,0.0
0.44762322,0.0
0.96032923,0.0
0.8816986,1.0
0.71629584,0.0
0.848471,1.0
0.13329451,0.0
0.71679366,0.0
0.7019998,1.0
0.5334231,0.0
0.9128813,0.0
0.7090959,1.0
0.8771516,0.0
0.97264594,0.0
0.13011478,1.0
0.34028497,1.0
0.9432641,0.0
0.9163952,1.0
0.9966756,0.0
0.5364041,1.0
0.65389925,0.0
0.8348343,1.0
0.9322411,1.0
0.37849545,1.0
0.62254506,0.0
0.8598406,1.0
0.3354455,0.0
0.96325666,0.0
0.62384224,0.0
0.993036,1.0
0.74978477,0.0
0.068925925,1.0
0.71510166,0.0
0.6820465,1.0
0.9278523,1.0
0.81010276,1.0
0.19361226,0.0
0.6166015,1.0
0.1885588,1.0
0.7052085,1.0
0.8326643,0.0
0.5341457,1.0
0.12232814,1.0
0.87303513,0.0
0.9766876,0.0
0.6497386,0.0
0.035543244,0.0
0.9448291,0.0
0.96954584,1.0
0.016055264,1.0
0.959077,0.0
0.23926698,0.0
0.21752541,0.0
0.17579457,0.0
0.24072902,0.0
0.8973058,0.0
0.9560633,1.0
0.8051049,1.0
0.9436307,1.0
0.79424554,0.0
0.46581936,0.0
0.24728541,1.0
0.96048355,0.0
0.6535296,1.0
0.0027287465,0.0
0.62355226,0.0
0.13077743,1.0
0.17362827,1.0
0.7194002,0.0
0.9515347,1.0
0.9449671,1.0
0.56799644,1.0
0.5393385,1.0
0.8011713,0.0
0.14569679,0.0
0.33805326,1.0
0.7003886,1.0
0.86918527,0.0
0.5003639,1.0
0.47755322,0.0
0.08485972,1.0
0.98343754,1.0
0.8267054,1.0
0.84992546,1.0
0.63552153,1.0
0.29281366,0.0
0.22049963,0.0
0.9052688,0.0
0.22848196,1.0
0.19848984,1.0
0.56907636,1.0
0.6018562,0.0
0.22610486,1.0
0.8293886,1.0
0.85252184,1.0
0.85381424,0.0
0.97509354,0.0
0.8183276,1.0
0.99659485,1.0
0.55342054,1.0
0.9233775,0.0
0.9713637,0.0
0.8033207,1.0
0.9304892,0.0
0.7519795,1.0
0.8336917,0.0
0.837691,0.0
0.5760867,0.0
0.3504158,1.0
0.6712428,0.0
0.55841434,1.0
0.053605653,0.0
0.9357732,1.0
0.843577,1.0
0.81576407,0.0
0.8189644,1.0
0.69366467,1.0
0.8603846,0.0
0.3811073,0.0
0.9429704,0.0
0.16847919,0.0
0.7654879,0.0
0.78135264,1.0
0.9268271,1.0
0.6198206,0.0
0.9856362,1.0
0.83406514,1.0
0.83525705,0.0
0.7289271,1.0
0.44615555,0.0
0.7138307,0.0
0.7202702,0.0
0.9307236,1.0
0.24069874,0.0
0.41497952,1.0
0.095284455,0.0
0.078104876,0.0
0.84335864,1.0
0.98950464,1.0
0.79421455,0.0
0.87353057,1.0
0.18176603,1.0
0.83885854,1.0
0.18318735,0.0
0.35032734,0.0
0.97056276,1.0
0.69533604,0.0
0.62442476,1.0
0.7175744,1.0
0.69549036,0.0
0.97857136,0.0
0.9506363,0.0
0.7053078,0.0
0.41983294,0.0
0.9973244,0.0
0.8012148,1.0
0.8580767,0.0
0.17696744,0.0
0.9269784,0.0
0.008016933,0.0
0.66156185,0.0
0.66748035,0.0
0.03320759,0.0
0.9532504,0.0
0.7446926,1.0
0.54757166,0.0
0.8271429,1.0
0.9640958,1.0
0.8164782,1.0
0.8608379,0.0
0.8727793,0.0
0.5407625,1.0
0.43941984,0.0
0.9200601,1.0
0.63537455,0.0
0.9850025,1.0
0.56758094,1.0
0.82889885,1.0
0.8051023,0.0
0.5073232,0.0
0.28151068,0.0
0.060508337,0.0
0.38815904,0.0
0.8494174,1.0
0.004165826,0.0
0.050285876,0.0
0.66680956,1.0
0.93276006,1.0
0.7868311,1.0
0.93695956,0.0
0.97109395,1.0
0.029236203,1.0
0.23040195,1.0
0.8940283,1.0
0.64771885,1.0
0.10059705,0.0
0.48152325,1.0
0.495596,0.0
0.670955,0.0
0.79808617,1.0
0.015911207,1.0
0.42263633,0.0
0.46046433,0.0
0.042867273,1.0
0.4665947,0.0
0.66416043,0.0
0.57350934,1.0
0.0037203927,0.0
0.8467091,1.0
0.8747326,1.0
0.120040394,0.0
0.92616236,1.0
0.07045984,1.0
0.046171244,1.0
0.63813925,1.0
0.0255407,1.0
0.6066104,1.0
0.7999684,1.0
0.73988456,0.0
0.09672954,0.0
0.9419708,0.0
0.8197527,0.0
0.6180763,1.0
0.34436008,0.0
0.85852736,0.0
0.8690619,0.0
0.75850475,0.0
0.80323285,1.0
0.80268747,1.0
0.8491253,1.0
0.8755951,0.0
0.3938138,0.0
0.9731771,0.0
0.5305335,1.0
0.81088954,1.0
0.9454738,0.0
0.97902817,0.0
0.17283233,1.0
0.7065862,0.0
0.77915514,0.0
0.7995001,1.0
0.89061564,1.0
0.21479948,1.0
0.39121422,0.0
0.6567258,1.0
0.49350578,0.0
0.20749512,0.0
0.2773567,0.0
0.69859034,0.0
0.8963499,0.0
0.96345377,1.0
0.20302097,0.0
0.69754666,0.0
0.755135,1.0
0.87412596,0.0
0.060415138,0.0
0.9148342,1.0
0.18518376,0.0
0.8628969,0.0
0.77743274,0.0
0.46197757,1.0
0.88608885,1.0
0.98349875,0.0
0.93832636,0.0
0.82928765,0.0
0.8939902,0.0
0.8722887,1.0
0.53228897,1.0
0.20322256,0.0
0.75464535,1.0
0.8780202,0.0
0.61006576,1.0
0.7756192,1.0
0.856814,0.0
0.99682134,1.0
0.6857001,0.0
0.7503583,0.0
0.91719705,1.0
0.62319213,0.0
0.29886636,1.0
0.7446484,0.0
0.9002102,1.0
0.7193534,0.0
0.92880625,1.0
0.7293746,1.0
0.16287695,0.0
0.99867785,0.0
0.96946126,0.0
0.72644293,0.0
0.94181454,1.0
0.81653786,1.0
0.8907141,0.0
0.26410824,1.0
0.121880904,1.0
0.027489483,0.0
0.021694142,1.0
0.9767725,1.0
0.9726621,0.0
0.39193165,1.0
0.1367861,1.0
0.0014020331,0.0
0.36831746,0.0
0.2371134,1.0
0.052248336,0.0
0.8279602,1.0
0.07367984,0.0
0.6160746,0.0
0.045527525,1.0
0.264657,1.0
0.8968522,1.0
0.70515794,1.0
0.7633249,1.0
0.44574293,1.0
0.22116564,1.0
0.9302622,1.0
0.92596143,1.0
0.061011013,0.0
0.35566482,1.0
0.9192812,1.0
0.69355464,1.0
0.985316,1.0
0.8944017,0.0
0.88324994,1.0
0.25804803,1.0
0.65140355,0.0
0.933084,0.0
0.859818,1.0
0.9647999,1.0
0.93409425,1.0
0.72451013,1.0
0.07117142,1.0
0.9813841,0.0
0.09202881,1.0
0.8357157,1.0
0.8141789,0.0
0.22675276,0.0
0.9892697,1.0
0.96424353,0.0
0.046379138,1.0
0.82127714,1.0
0.89568084,1.0
0.6519126,1.0
0.48867702,0.0
0.0044877236,0.0
0.9767033,0.0
0.97664946,1.0
0.7527805,0.0
0.97207946,0.0
0.119686626,1.0
0.8362093,0.0
0.9757472,1.0
0.36552164,1.0
0.8121328,0.0
0.6375379,1.0
0.9919731,1.0
0.84947884,1.0
0.9989769,0.0
0.07775923,0.0
0.4780035,1.0
0.9810219,1.0
0.17548136,0.0
0.42365175,1.0
0.152536,1.0
0.38521725,0.0
0.38385364,1.0
0.79824775,0.0
0.78560543,0.0
0.28688094,0.0
0.9972645,1.0
0.19124691,1.0
0.35311627,0.0
0.7997732,1.0
0.9365329,1.0
0.5115922,0.0
0.8513255,1.0
0.16883369,1.0
0.89733094,1.0
0.9647235,0.0
0.9128235,1.0
0.37462884,1.0
0.9739701,1.0
0.9783541,1.0
0.09757924,1.0
0.025096029,1.0
0.8813654,0.0
0.31692475,0.0
0.95255375,0.0
0.6629201,1.0
0.008727061,1.0
0.8950486,1.0
0.696408,0.0
0.94574517,1.0
0.06704567,1.0
0.8161047,0.0
0.32658657,0.0
0.55054516,0.0
0.70485055,1.0
0.057660848,1.0
0.68834496,0.0
0.45775148,0.0
0.62076885,0.0
0.4110642,1.0
0.5060582,0.0
0.8051673,0.0
0.88027525,0.0
0.5498957,0.0
0.8680814,1.0
0.18872203,1.0
0.9166562,0.0
0.035497766,0.0
0.1684302,0.0
0.48926136,0.0
0.13096821,1.0
0.80605394,0.0
0.55292195,0.0
0.054052126,1.0
0.66859245,1.0
0.7525288,1.0
0.23529887,0.0
0.8415905,1.0
0.86593306,0.0
0.9112921,1.0
0.41738686,0.0
0.885283,0.0
0.92641604,0.0
0.76956856,0.0
0.84055823,1.0
0.7065343,0.0
0.5483763,1.0
0.3325453,1.0
0.7954681,0.0
0.4203837,0.0
0.905137,1.0
0.28714854,1.0
0.814377,1.0
0.39376488,1.0
0.84817487,0.0
0.9494958,1.0
0.38740215,0.0
0.3933548,0.0
0.08801221,1.0
0.25199944,0.0
0.42822942,1.0
0.16479014,1.0
0.11013644,1.0
0.9520521,1.0
0.95128584,1.0
0.110449605,0.0
0.68913424,1.0
0.14792214,0.0
0.9608726,1.0
0.10073588,1.0
0.9837422,0.0
0.64098614,0.0
0.1691356,1.0
0.42944685,1.0
0.8012109,1.0
0.9573267,0.0
0.074284405,1.0
0.67540234,1.0
0.044425994,0.0
0.72740775,1.0
0.8476796,1.0
0.61082906,0.0
0.45777127,0.0
0.9315255,1.0
0.8799028,1.0
0.6225412,0.0
0.18686569,0.0
0.14691089,0.0
0.8482046,0.0
0.99203503,0.0
0.92859393,1.0
0.8474882,0.0
0.11314042,0.0
0.026894629,0.0
0.0026880212,1.0
0.09876845,1.0
0.79647857,1.0
0.75719434,0.0
0.9942919,1.0
0.21705656,0.0
0.9319968,0.0
0.67767936,1.0
0.052595347,1.0
0.6713616,1.0
0.9642723,1.0
0.018950427,1.0
0.8992273,1.0
0.6404373,0.0
0.99938864,1.0
0.4238777,1.0
0.808581,0.0
0.97637236,0.0
0.98874664,1.0
0.10237279,0.0
0.5690126,1.0
0.008663239,0.0
0.0058339355,1.0
0.29092395,1.0
0.09246856,1.0
0.4251166,1.0
0.8241006,0.0
0.8939583,1.0
0.71019393,1.0
0.43979046,0.0
0.87325126,0.0
0.010853923,0.0
0.9624314,0.0
0.24379404,0.0
0.8033727,1.0
0.5854332,0.0
0.9571957,0.0
0.16019772,1.0
0.31909296,0.0
0.92064744,0.0
0.90377253,1.0
0.048430797,1.0
0.034002688,1.0
0.28312835,0.0
0.768248,1.0
0.9912546,0.0
0.53222835,0.0
0.905749,1.0
0.12543656,0.0
0.045872364,1.0
0.49448457,1.0
0.991518,1.0
0.004098411,0.0
0.8706145,0.0
0.925245,1.0
0.5418415,0.0
0.06632494,1.0
0.8366398,0.0
0.98827785,0.0
0.9165231,1.0
0.61111104,0.0
0.013703263,1.0
0.7897098,0.0
0.3585535,1.0
0.5566544,1.0
0.87115544,0.0
0.13754888,0.0
0.26109487,0.0
0.9622219,0.0
0.41345054,1.0
0.4019571,1.0
0.8208586,1.0
0.48059937,1.0
0.9066519,1.0
0.74365294,0.0
0.40858442,1.0
0.56889975,1.0
0.9574246,1.0
0.9608615,1.0
0.6759254,1.0
0.84223557,1.0
0.10715053,0.0
0.9669348,0.0
0.7786774,1.0
0.0074206986,0.0
0.0024473595,1.0
0.6941675,0.0
0.14739516,0.0
0.04380773,1.0
0.91818535,1.0
0.22012854,0.0
0.6446895,1.0
0.17419565,1.0
0.04314295,1.0
0.5873214,1.0
0.97232884,1.0
0.7564842,0.0
0.9625675,0.0
0.608155,0.0
0.93211997,1.0
0.9760103,0.0
0.81174105,0.0
0.4371271,0.0
0.11788298,1.0
0.13162123,1.0
0.98770344,1.0
0.120114066,1.0
0.14897281,0.0
0.623827,1.0
0.9800812,1.0
0.6741986,1.0
0.28557438,0.0
0.96928227,1.0
0.50380725,0.0
0.9428425,0.0
0.8096343,1.0
0.8840578,1.0
0.42180023,1.0
0.15875453,1.0
0.6096595,1.0
0.11594027,0.0
0.007546417,0.0
0.92300713,1.0
0.671599,0.0
0.19984582,1.0
0.92333174,1.0
0.8629385,1.0
0.9657283,1.0
0.57354045,0.0
0.12766045,0.0
0.048832662,0.0
0.8645858,0.0
0.29658428,1.0
0.7983961,0.0
0.058703143,0.0
0.41810837,1.0
0.9746465,0.0
0.93863916,1.0
0.8391927,0.0
0.026640464,1.0
0.7228686,0.0
0.3628467,0.0
0.547591,0.0
0.8259031,0.0
0.7524867,0.0
0.8968898,0.0
0.78771704,0.0
0.050873008,1.0
0.028233698,0.0
0.81668943,1.0
0.65884393,0.0
0.9052189,0.0
0.7097249,1.0
0.15462689,0.0
0.5446081,1.0
0.37511763,1.0
0.7193859,0.0
0.104256295,1.0
0.04663102,1.0
0.982515,0.0
0.13403752,1.0
0.3185271,0.0
0.9918658,0.0
0.110755086,1.0
0.9970972,1.0
0.9842505,1.0
0.14239044,0.0
0.97423077,1.0
0.9292207,0.0
0.012853085,1.0
0.02261943,0.0
0.40746823,1.0
0.009509522,0.0
0.7490429,1.0
0.07498075,1.0
0.9398689,1.0
0.95380706,0.0
0.33508393,1.0
0.7620284,1.0
0.88546276,0.0
0.24064623,0.0
0.99701416,0.0
0.9772789,0.0
0.30245957,0.0
0.7525771,0.0
0.0007188785,1.0
0.6491088,1.0
0.57998735,0.0
0.8802,0.0
0.62847555,1.0
0.52524024,1.0
0.6709631,1.0
0.76791334,0.0
0.8836551,0.0
0.74331164,1.0
0.21785252,0.0
0.002797174,0.0
0.014809802,0.0
0.7654495,0.0
0.37000895,0.0
0.92439586,0.0
0.35569388,1.0
0.92232335,1.0
0.13902818,1.0
0.5501773,0.0
0.45692086,1.0
0.9749775,0.0
0.042697676,1.0
0.75875014,0.0
0.8397608,1.0
0.9731595,1.0
0.86272764,1.0
0.12712868,1.0
0.7419281,1.0
0.9880313,1.0
0.9638383,0.0
0.89246035,1.0
0.8690573,1.0
0.12807241,1.0
0.49821463,0.0
0.9119921,1.0
0.61343795,1.0
0.62978697,1.0
0.97026074,1.0
0.89129,0.0
0.76962245,1.0
0.8762933,1.0
0.21908179,1.0
0.38693935,0.0
0.88854134,1.0
0.8164585,1.0
0.99453735,0.0
0.58609307,1.0
0.23476878,1.0
0.70883036,0.0
0.7601961,1.0
0.07860611,1.0
0.46865216,0.0
0.100468494,0.0
0.64378226,0.0
0.66820765,1.0
0.17014027,1.0
0.5979058,1.0
0.4220074,0.0
0.542023,0.0
0.8791174,1.0
0.08802243,0.0
0.25813046,1.0
0.79831403,1.0
0.9931881,1.0
0.9639123,0.0
0.8954234,1.0
0.12162808,1.0
0.9324382,1.0
0.48948237,1.0
0.84611857,0.0
0.72391504,1.0
0.024976721,1.0
0.89323205,0.0
0.95499974,0.0
0.63218457,0.0
0.42518732,0.0
0.88128626,0.0
0.90248436,1.0
0.6888153,1.0
0.52474827,0.0
0.8287141,1.0
0.9429478,1.0
0.619722,1.0
0.26799098,0.0
0.9832598,1.0
0.9452457,1.0
0.4489978,0.0
0.11658251,0.0
0.9266276,0.0
0.57144785,1.0
0.15072821,0.0
0.93637866,0.0
0.8019762,0.0
0.83068246,0.0
0.8579527,1.0
0.036296647,1.0
0.42343926,0.0
0.72273785,1.0
0.34350187,0.0
0.48009655,0.0
0.9799118,1.0
0.7569179,0.0
0.06952714,1.0
0.9315761,1.0
0.96626437,1.0
0.5019913,1.0
0.5508752,0.0
0.8783429,1.0
0.9697467,0.0
0.018454988,0.0
0.9276377,1.0
0.5265794,1.0
0.7960743,1.0
0.7621604,1.0
0.0086771175,1.0
0.17724119,0.0
0.95409566,1.0
0.0026884002,1.0
0.89774245,0.0
0.3100963,1.0
0.3481557,1.0
0.24849558,1.0
0.96638864,1.0
0.0038256333,0.0
0.07407796,0.0
0.37561056,1.0
0.06398966,1.0
0.96075773,0.0
0.13564588,0.0
0.39496216,1.0
0.08270021,0.0
0.6936191,0.0
0.47275445,0.0
0.97803825,1.0
0.7695078,0.0
0.5676309,1.0
0.35079607,1.0
0.4931186,1.0
0.6054118,1.0
0.29970375,0.0
0.8414356,0.0
0.941486,0.0
0.33358747,1.0
0.015586719,1.0
0.80347997,0.0
0.87769,1.0
0.18076849,0.0
0.81793517,1.0
0.73482704,1.0
0.94815105,1.0
0.9726364,0.0
0.95332444,0.0
0.04402158,1.0
0.20896684,1.0
0.62673694,0.0
0.8983118,1.0
0.4054482,1.0
0.8525707,0.0
0.8832534,1.0
0.87061304,1.0
0.97932225,1.0
0.05780769,1.0
0.9219062,0.0
0.23852782,1.0
0.9256431,1.0
0.97966164,0.0
0.9527187,0.0
0.6997178,0.0
0.07133715,1.0
0.34965894,1.0
0.4066883,0.0
0.85410815,1.0
0.11404492,0.0
0.07898792,0.0
0.7613178,1.0
0.85242426,1.0
0.9672409,1.0
0.9542205,1.0
0.9491596,0.0
0.7715675,1.0
0.86352247,0.0
0.05015127,1.0
0.51642305,0.0
0.43432775,0.0
0.18558672,1.0
0.14254537,0.0
0.42148575,0.0
0.1307133,1.0
0.7971708,0.0
0.3019924,1.0
0.32675835,0.0
0.8371348,1.0
0.0662113,0.0
0.6230817,1.0
0.0059482227,0.0
0.9553213,1.0
0.17049046,1.0
0.4234445,0.0
0.9625265,0.0
0.94657993,0.0
0.8326594,0.0
0.93688107,0.0
0.9335378,0.0
0.72954196,0.0
0.9505869,0.0
0.3126097,1.0
0.8872634,0.0
0.5713974,1.0
0.75242203,1.0
0.511813,0.0
0.9882955,0.0
0.9680902,1.0
0.96589756,1.0
0.029147306,1.0
0.10328279,1.0
0.8649327,1.0
0.6758487,1.0
0.8738968,0.0
0.9349141,0.0
0.8597061,0.0
0.9561203,1.0
0.73329264,1.0
0.3623469,0.0
0.92342424,0.0
0.55720127,0.0
0.07049336,1.0
0.8564157,0.0
0.08793103,1.0
0.021292217,0.0
0.82711375,0.0
0.71705943,0.0
0.13300963,1.0
0.69204175,1.0
0.97526854,0.0
0.55749685,0.0
0.389928,1.0
0.988445,0.0
0.18216026,1.0
0.94471306,1.0
0.9362122,1.0
0.8427008,0.0
0.7411186,1.0
0.13776167,0.0
0.86190885,0.0
0.09416891,0.0
0.5937201,1.0
0.96622354,0.0
0.88138956,1.0
0.85474694,0.0
0.99138415,0.0
0.9377985,1.0
0.46456409,0.0
0.99385303,0.0
0.9905001,0.0
0.0024348737,1.0
0.85368985,0.0
0.9369504,1.0
0.047579817,1.0
0.9320095,1.0
0.7334911,0.0
0.93302816,1.0
0.49896643,0.0
0.7819863,0.0
0.20820129,1.0
0.8857692,1.0
0.9614765,1.0
0.6685722,1.0
0.8211544,1.0
0.5014972,1.0
0.87147963,1.0
0.50051373,0.0
0.26038107,0.0
0.37716433,1.0
0.7904884,1.0
0.55641043,0.0
0.06989675,0.0
0.7447294,1.0
0.098192774,0.0
0.683035,0.0
0.20985138,0.0
0.039770044,0.0
0.8584548,1.0
0.6957435,0.0
0.3181229,1.0
0.018238192,0.0
0.0050686137,1.0
0.89549124,1.0
0.99556726,1.0
0.9975837,1.0
0.9338142,1.0
0.02755863,0.0
0.7116923,0.0
0.59333414,0.0
0.86636776,0.0
0.89754534,1.0
0.7582324,0.0
0.7192477,0.0
0.31116077,1.0
0.20591643,1.0
0.47646496,0.0
0.7798429,1.0
0.5615326,0.0
0.18135612,1.0
0.9715692,1.0
0.9688091,1.0
0.98188204,1.0
0.14529899,0.0
0.24754505,1.0
0.97715247,1.0
0.9818222,1.0
0.83700323,0.0
0.5684202,0.0
0.9893214,1.0
0.24921177,1.0
0.32524428,1.0
0.30600238,0.0
0.7798738,1.0
0.032044005,1.0
0.051128734,1.0
0.7269333,1.0
0.9596438,1.0
0.4941369,0.0
0.65453744,1.0
0.24522232,1.0
0.8792508,0.0
0.056079775,1.0
0.36198223,1.0
0.91367483,0.0
0.8659485,1.0
0.49378917,1.0
0.3271217,0.0
0.023219977,1.0
0.89386666,1.0
0.43248892,1.0
0.7423954,0.0
0.13803442,1.0
0.6139557,1.0
0.08737466,1.0
0.6225018,1.0
0.34670553,1.0
0.9129659,0.0
0.06258254,0.0
0.61591834,0.0
0.0499478,1.0
0.9272747,0.0
0.22022069,0.0
0.061921444,0.0
0.99707574,0.0
0.9803805,1.0
0.95896834,0.0
0.4103032,1.0
0.28056952,1.0
0.9865659,0.0
0.9742529,1.0
0.96152544,1.0
0.60108894,1.0
0.96844625,1.0
0.01499009,1.0
0.9698004,1.0
0.9632686,0.0
0.7010128,0.0
0.991206,0.0
0.7053813,0.0
0.28591648,0.0
0.78172773,1.0
0.8942179,0.0
0.14558403,1.0
0.93985856,0.0
0.77028954,1.0
0.76211494,1.0
0.9523476,0.0
0.13684383,1.0
0.6132426,1.0
0.90610087,1.0
0.9531018,0.0
0.34607762,0.0
0.3606398,0.0
0.8365261,0.0
0.9657815,0.0
0.8860016,1.0
0.33938047,1.0
0.46190196,1.0
0.9311806,1.0
0.54981154,0.0
0.9095831,1.0
0.34422815,1.0
0.8130123,1.0
0.38455048,1.0
0.9611265,0.0
0.85844195,1.0
0.5963551,1.0
0.9829977,0.0
0.7375787,0.0
0.87391347,0.0
0.91139966,1.0
0.18324487,0.0
0.01534687,1.0
0.88782036,0.0
0.42922345,1.0
0.5600888,0.0
0.68596864,0.0
0.94837666,0.0
0.9893899,1.0
0.82417214,1.0
0.8968343,0.0
0.9155941,1.0
0.23883586,1.0
0.22338589,1.0
0.80545104,1.0
0.7630359,0.0
0.7472175,1.0
0.94780904,1.0
0.8990097,1.0
0.37825242,1.0
0.8657743,0.0
0.38333192,1.0
0.032594718,0.0
0.88507074,1.0
0.9741173,0.0
0.8957745,0.0
0.15822487,1.0
0.8996998,1.0
0.96282524,1.0
0.037755158,1.0
0.4428729,1.0
0.12824948,0.0
0.25793967,0.0
0.9669847,1.0
0.9936654,1.0
0.7580511,0.0
0.8413574,0.0
0.033478256,1.0
0.059526153,1.0
0.1130309,0.0
0.9988212,1.0
0.5790296,0.0
0.16711877,1.0
0.86818427,1.0
0.8362951,0.0
0.64442605,1.0
0.83668137,0.0
0.44267136,1.0
0.044259626,0.0
0.97420055,1.0
0.7455967,0.0
0.9337597,0.0
0.2730572,1.0
0.9597325,1.0
0.84656566,1.0
0.4731515,1.0
0.7173256,1.0
0.16714299,1.0
0.41173157,0.0
0.7566323,0.0
0.93097705,1.0
0.7598824,1.0
0.65269184,0.0
0.8839001,1.0
0.2442116,0.0
0.82230777,1.0
0.4745739,1.0
0.94708586,0.0
0.18927194,1.0
0.7128292,1.0
0.5651709,1.0
0.9093626,0.0
0.6090583,1.0
0.93767977,1.0
0.50193113,1.0
0.8486807,0.0
0.99207133,0.0
0.26202968,0.0
0.67584765,1.0
0.5064253,1.0
0.33302927,0.0
0.4587737,1.0
0.5120923,1.0
0.9487072,1.0
0.34302476,0.0
0.06606615,0.0
0.8353614,0.0
0.50243574,0.0
0.8342075,1.0
0.46775308,1.0
0.39587402,0.0
0.837388,0.0
0.04387495,1.0
0.2823072,1.0
0.41880384,1.0
0.60975975,1.0
0.99157524,1.0
0.40089998,1.0
0.08409693,1.0
0.13054393,0.0
0.7241579,0.0
0.051487673,1.0
0.58957493,1.0
0.8806661,0.0
0.37423745,1.0
0.74045867,1.0
0.36764833,0.0
0.06423899,0.0
0.52955246,0.0
0.9700722,0.0
0.5896986,0.0
0.74700546,1.0
0.80689317,0.0
0.35723713,0.0
0.49796566,0.0
0.98649263,1.0
0.80801946,0.0
0.92405456,0.0
0.23974168,1.0
0.28352332,0.0
0.47872445,0.0
0.9461543,0.0
0.13877583,1.0
0.76301116,0.0
0.9625017,1.0
0.38442633,1.0
0.5820533,0.0
0.9616062,1.0
0.96632785,0.0
0.52788824,1.0
0.9524525,1.0
0.34438977,1.0
0.8814859,0.0
0.9367021,0.0
0.22237948,0.0
0.53931236,1.0
0.82158417,0.0
0.9658192,0.0
0.01831076,0.0
0.9703124,1.0
0.72496367,0.0
0.45413923,0.0
0.15999721,0.0
0.033288095,0.0
0.98618597,1.0
0.87034607,1.0
0.12628949,0.0
0.105166554,0.0
0.14719771,1.0
0.9085458,1.0
0.8807129,0.0
0.7297574,0.0
0.49426278,0.0
0.022214407,1.0
0.47746244,0.0
0.71250534,0.0
0.75190747,0.0
0.47251225,0.0
0.47690865,0.0
0.6694337,1.0
0.8963465,0.0
0.93071127,0.0
0.7463404,1.0
0.49841744,1.0
0.18564358,1.0
0.39174646,1.0
0.39943466,1.0
0.9564008,1.0
0.058032986,0.0
0.06420916,1.0
0.10466149,1.0
0.055531885,1.0
0.0028736019,1.0
0.3856859,0.0
0.08963313,1.0
0.18237448,0.0
0.11865866,0.0
0.8969229,0.0
0.9759663,1.0
0.20961717,1.0
0.9819501,1.0
0.7857682,1.0
0.931544,0.0
0.97022134,1.0
0.9152697,0.0
0.17308259,0.0
0.5841945,0.0
0.8548247,0.0
0.36524484,0.0
0.92741627,0.0
0.016601471,0.0
0.031642582,0.0
0.92661136,0.0
0.060364153,1.0
0.34468356,1.0
0.9896933,0.0
0.046186537,1.0
0.0397383,1.0
0.5391488,1.0
0.75199896,0.0
0.8589325,1.0
0.5010759,1.0
0.69121134,1.0
0.73749316,1.0
0.85944176,1.0
0.9963423,1.0
0.2579467,1.0
0.46055442,0.0
0.9933314,0.0
0.09217869,0.0
0.77708316,1.0
0.09187783,1.0
0.95963204,0.0
0.9567052,1.0
0.7108381,1.0
0.45979998,1.0
0.95716155,0.0
0.22039282,1.0
0.86667997,0.0
0.9869582,1.0
0.44602752,1.0
0.75110763,0.0
0.97673416,1.0
0.8626892,1.0
0.26122332,0.0
0.8708887,0.0
0.7838927,1.0
0.8003244,1.0
0.02756907,1.0
0.9857777,1.0
0.12762813,0.0
0.84808886,0.0
0.1577976,1.0
0.5454854,1.0
0.5340148,1.0
0.036928363,0.0
0.9031086,0.0
0.47682777,1.0
0.5547785,1.0
0.08624472,1.0
0.7402625,0.0
0.42490172,1.0
0.020349069,1.0
0.54596156,1.0
0.684096,1.0
0.087884925,1.0
0.67664903,1.0
0.024320297,1.0
0.35015112,1.0
0.9862127,1.0
0.68033206,1.0
0.99296325,0.0
0.23905113,0.0
0.09087367,1.0
0.9855132,0.0
0.649402,1.0
0.2553955,0.0
0.7198695,0.0
0.76316303,1.0
0.022042394,0.0
0.7423688,0.0
0.67548054,1.0
0.8089714,1.0
0.41972804,1.0
0.67460096,0.0
0.17884369,0.0
0.108617365,1.0
0.69319147,0.0
0.95798486,0.0
0.10603155,0.0
0.013606402,1.0
0.8109166,1.0
0.21026443,0.0
0.94534934,1.0
0.0002139468,0.0
0.2282329,1.0
0.34805292,0.0
0.99052143,1.0
0.17346238,0.0
0.55841875,0.0
0.40457684,1.0
0.49682257,1.0
0.5687461,1.0
0.045222726,0.0
0.9305622,1.0
0.937153,1.0
0.4373969,0.0
0.031738464,0.0
0.0034669403,0.0
0.30248457,1.0
0.8640971,0.0
0.114683986,1.0
0.765801,0.0
0.80704415,0.0
0.58786935,0.0
0.026337678,1.0
0.9312132,0.0
0.7132039,0.0
0.83511966,0.0
0.8490688,1.0
0.5671912,1.0
0.27041736,0.0
0.9484488,1.0
0.9023941,0.0
0.90799296,0.0
0.9026171,1.0
0.96519566,1.0
0.63755924,0.0
0.9802948,0.0
0.61835074,0.0
0.70116067,1.0
0.8870789,1.0
0.7615515,0.0
0.8358636,1.0
0.9276835,1.0
0.5467219,1.0
0.9726923,1.0
0.2629807,0.0
0.37599412,1.0
0.21715908,0.0
0.74180233,0.0
0.9432438,0.0
0.9471497,1.0
0.28276142,0.0
0.1779135,1.0
0.9985205,1.0
0.8261801,1.0
0.8192255,0.0
0.0220431,1.0
0.9396119,1.0
0.45854235,0.0
0.230534,1.0
0.96840614,0.0
0.8768789,1.0
0.00078178564,0.0
0.9227347,0.0
0.46040016,1.0
0.3719127,1.0
0.54803646,0.0
0.9513423,0.0
0.9807604,0.0
0.72274345,0.0
0.7546547,1.0
0.8600726,1.0
0.59792656,0.0
0.74371034,1.0
0.8254127,1.0
0.22874418,0.0
0.07316698,1.0
0.99821264,0.0
0.9872398,1.0
0.17068446,1.0
0.8913,0.0
0.14932896,1.0
0.98290694,0.0
0.16442163,0.0
0.57276785,1.0
0.7001473,1.0
0.8625044,0.0
0.92731756,1.0
0.9702935,1.0
0.003105533,0.0
0.09992135,1.0
0.75892705,0.0
0.96760225,0.0
0.46823177,0.0
0.82577795,1.0
0.49724793,1.0
0.91679287,1.0
0.04009405,1.0
0.6947732,0.0
0.9705903,1.0
0.70178217,0.0
0.8119888,0.0
0.64643186,0.0
0.79255515,0.0
0.8896144,0.0
0.5437194,1.0
0.04814816,0.0
0.41710255,0.0
0.09152317,1.0
0.97492,1.0
0.97055066,1.0
0.3997952,0.0
0.86885434,1.0
0.96593887,1.0
0.34710404,1.0
0.76068884,1.0
0.559277,1.0
0.9002291,1.0
0.038553216,1.0
0.8018145,0.0
0.28273162,0.0
0.21198218,1.0
0.7331833,1.0
0.7442727,0.0
0.60437495,1.0
0.28883168,1.0
0.89762545,0.0
0.088015035,1.0
0.18989073,0.0
0.5464241,1.0
0.12798369,1.0
0.3784661,1.0
0.119023405,0.0
0.9877968,1.0
0.27811638,1.0
0.8476548,0.0
0.7886543,1.0
0.27543634,1.0
0.9286461,0.0
0.0136450725,0.0
0.5080258,0.0
0.9375028,1.0
0.59363866,0.0
0.8962315,1.0
0.68185633,0.0
0.91835016,0.0
0.93242913,1.0
0.89600354,1.0
0.2875279,0.0
0.12887688,1.0
0.90113795,0.0
0.9846417,0.0
0.16272788,1.0
0.08860875,0.0
0.84737265,0.0
0.36052975,0.0
0.0428044,1.0
0.90245026,0.0
0.16029394,1.0
0.2819158,1.0
0.2617645,0.0
0.24244122,0.0
0.8868801,1.0
0.9345005,0.0
0.68012905,1.0
0.3426887,0.0
0.5634256,0.0
0.12475494,1.0
0.85602665,1.0
0.20639472,1.0
0.06541439,0.0
0.2629834,1.0
0.7119598,1.0
0.18464822,1.0
0.31464383,1.0
0.9877726,0.0
0.95363206,1.0
0.92361385,1.0
0.31967765,0.0
0.7845138,1.0
0.945508,0.0
0.04653008,0.0
0.9906315,1.0
0.8609643,0.0
0.9355176,1.0
0.69916886,1.0
0.58398527,1.0
0.7975286,0.0
0.9322137,1.0
0.12745173,1.0
0.90945953,1.0
0.4567165,0.0
0.4417286,1.0
0.71456975,0.0
0.8315793,1.0
0.08057296,0.0
0.45400688,1.0
0.8781353,1.0
0.81012577,1.0
0.12494308,0.0
0.9637818,1.0
0.9045097,0.0
0.85236377,1.0
0.8560139,0.0
0.33239046,0.0
0.9324023,1.0
0.020523315,1.0
0.47441778,0.0
0.89892066,1.0
0.7883854,0.0
0.8152111,1.0
0.49970743,0.0
0.5052764,0.0
0.918543,1.0
0.29103667,0.0
0.66276306,1.0
0.92965096,0.0
0.66018856,1.0
0.9685114,0.0
0.009655504,1.0
0.16757491,0.0
0.95933104,1.0
0.9708013,1.0
0.32135594,0.0
0.6597174,1.0
0.99102086,1.0
0.1303667,0.0
0.9202345,1.0
0.89371055,1.0
0.45242426,0.0
0.9214309,1.0
0.9347355,1.0
0.66436416,0.0
0.53587717,0.0
0.20181775,1.0
0.5389374,1.0
0.61206686,0.0
0.22661765,1.0
0.7027015,0.0
0.8224921,1.0
0.76837206,0.0
0.25994664,1.0
0.812355,0.0
0.9582612,1.0
0.71701235,1.0
0.8488327,0.0
0.83499795,1.0
0.54631627,1.0
0.068253495,1.0
0.26852843,1.0
0.07630106,0.0
0.028609434,0.0
0.85469145,1.0
0.4227911,1.0
0.5158661,0.0
0.48869616,0.0
0.81785166,1.0
0.18666446,0.0
0.7515989,1.0
0.46365148,1.0
0.8557343,1.0
0.93485576,0.0
0.8588411,1.0
0.98851585,1.0
0.79892534,1.0
0.9922819,0.0
0.035371818,1.0
0.92799616,1.0
0.93666977,1.0
0.3324655,1.0
0.9092375,0.0
0.9731226,1.0
0.9363929,0.0
0.5511443,1.0
0.8140001,1.0
0.3058971,0.0
0.9580366,0.0
0.11323074,0.0
0.20918024,0.0
0.5271246,1.0
0.9037873,1.0
0.9517503,0.0
0.0073740943,0.0
0.9930156,0.0
0.5621692,1.0
0.2656581,0.0
0.848252,0.0
0.364866,1.0
0.9493496,1.0
0.72418016,0.0
0.5698101,1.0
0.4084873,0.0
0.12639216,0.0
0.02913481,0.0
0.61602926,0.0
0.5199003,1.0
0.94733566,0.0
0.35638878,1.0
0.80405277,0.0
0.84929353,0.0
0.1782426,0.0
0.6035803,1.0
0.8080549,0.0
0.82983017,0.0
0.92958814,1.0
0.5494017,0.0
0.5415678,0.0
0.8574444,1.0
0.1388963,0.0
0.73630744,1.0
0.23076849,1.0
0.42362967,1.0
0.42845803,1.0
0.011495723,1.0
0.7956945,1.0
0.3065838,0.0
0.07601767,1.0
0.701473,0.0
0.9935837,0.0
0.8993179,0.0
0.94859904,0.0
0.20441008,1.0
0.82721347,0.0
0.79176396,1.0
0.14847393,1.0
0.92509043,1.0
0.15424293,0.0
0.9677612,0.0
0.28716338,0.0
0.7458409,1.0
0.099853866,1.0
0.70291674,0.0
0.063851126,0.0
0.27660725,0.0
0.5877871,1.0
0.15805696,1.0
0.5994994,1.0
0.6811969,0.0
0.5665903,1.0
0.63552153,0.0
0.8381929,1.0
0.3374593,0.0
0.048026126,1.0
0.9028868,0.0
0.42806968,1.0
0.32769185,1.0
0.7541361,1.0
0.9522851,1.0
0.9310735,0.0
0.6689168,1.0
0.9380674,1.0
0.5405002,1.0
0.85666066,0.0
0.8998152,0.0
0.80545944,1.0
0.5177991,1.0
0.4209106,1.0
0.3086733,0.0
0.3562793,0.0
0.40638867,1.0
0.37919134,1.0
0.89348984,0.0
0.9246327,0.0
0.041290898,0.0
0.8745061,0.0
0.022457067,0.0
0.9806647,0.0
0.03518931,1.0
0.9181614,0.0
0.4260966,1.0
0.8946177,1.0
0.47107473,1.0
0.9542289,0.0
0.62143844,1.0
0.09993289,0.0
0.3179082,1.0
0.9054678,1.0
0.5682416,1.0
0.5483145,0.0
0.6482633,1.0
0.9402048,1.0
0.108008794,0.0
0.821733,0.0
0.5624872,0.0
0.9387804,0.0
0.26662382,1.0
0.14250731,0.0
0.02468617,1.0
0.46254864,0.0
0.85092205,0.0
0.17239569,0.0
0.40844688,0.0
0.98791087,1.0
0.6512777,0.0
0.18266453,0.0
0.8018711,1.0
0.27680227,0.0
0.0007244341,0.0
0.9963514,1.0
0.8556512,1.0
0.8286096,1.0
0.8514059,1.0
0.2501459,1.0
0.92520297,0.0
0.8223862,0.0
0.34031925,1.0
0.901223,1.0
0.98199475,0.0
0.3215551,1.0
0.67315155,1.0
0.92661613,1.0
0.941476,1.0
0.9871084,1.0
0.93820316,1.0
0.98766035,1.0
0.5534502,0.0
0.40987167,0.0
0.13252759,0.0
0.63629687,1.0
0.5787034,1.0
0.9450594,1.0
0.8249025,0.0
0.93376046,0.0
0.903467,0.0
0.8294504,1.0
0.67012787,1.0
0.637942,1.0
0.2284456,1.0
0.65484697,0.0
0.7763981,0.0
0.08796904,1.0
0.45518833,1.0
0.977893,1.0
0.9205462,0.0
0.26667547,0.0
0.76512784,0.0
0.90590155,0.0
0.65844136,1.0
0.064258926,0.0
0.903501,1.0
0.74087006,0.0
0.935785,0.0
0.8751351,0.0
0.57656145,1.0
0.8340687,0.0
0.3850507,1.0
0.41976482,0.0
0.6078174,1.0
0.79967755,0.0
0.9331233,1.0
0.4360159,1.0
0.47242352,1.0
0.8232921,0.0
0.07535189,0.0
0.99097425,1.0
0.9893465,0.0
0.035094257,1.0
0.68727523,1.0
0.10158563,1.0
0.9899713,1.0
0.8683468,1.0
0.5217133,1.0
0.5548197,1.0
0.81443876,1.0
0.9828688,1.0
0.8735594,1.0
0.8852642,0.0
0.84331554,1.0
0.9820203,1.0
0.9293999,0.0
0.8906602,1.0
0.81935734,1.0
0.82633924,0.0
0.6115588,0.0
0.71458745,1.0
0.45793268,1.0
0.064711824,0.0
0.03538358,0.0
0.98301697,0.0
0.29118058,0.0
0.8569009,0.0
0.5010661,1.0
0.9096908,1.0
0.7784755,1.0
0.9416524,1.0
0.80866617,0.0
0.8643778,1.0
0.18145019,0.0
0.7569184,0.0
0.122548915,0.0
0.933258,1.0
0.13302831,0.0
0.41555795,1.0
0.90742123,1.0
0.3174814,0.0
0.7624394,1.0
0.78394383,1.0
0.105875485,0.0
0.8736846,0.0
0.48891026,0.0
0.7269633,1.0
0.014933318,0.0
0.9298838,1.0
0.9704844,0.0
0.47722808,1.0
0.173445,0.0
0.6334074,1.0
0.21061699,1.0
0.92397213,0.0
0.5969502,1.0
0.9650237,0.0
0.56042284,0.0
0.7696711,1.0
0.54052174,1.0
0.77288955,0.0
0.9175763,0.0
0.9857628,1.0
0.89507484,0.0
0.8971804,0.0
0.08082753,0.0
0.7423664,0.0
0.9554235,0.0
0.5185097,0.0
0.54859555,0.0
0.0149900345,0.0
0.9321634,0.0
0.11308797,0.0
0.1844337,0.0
0.8194901,1.0
0.0023929493,0.0
0.33719826,0.0
0.70950526,0.0
0.5466307,1.0
0.06318668,0.0
0.8413332,0.0
0.21959236,0.0
0.974551,0.0
0.68302244,0.0
0.8549032,1.0
0.09964531,1.0
0.99378026,1.0
0.50208926,0.0
0.8289655,0.0
0.037140347,1.0
0.8234788,0.0
0.7081239,1.0
0.7793229,1.0
0.62435305,0.0
0.95674515,0.0
0.8172372,0.0
0.05332106,0.0
0.97533333,0.0
0.050825454,0.0
0.14647056,0.0
0.5670511,1.0
0.62451905,0.0
0.90070707,0.0
0.9828882,1.0
0.9903844,0.0
0.9362656,0.0
0.2836705,0.0
0.007938946,0.0
0.28756055,0.0
0.8704981,1.0
0.18264475,0.0
0.61837095,1.0
0.13516687,1.0
0.6692423,1.0
0.6106747,1.0
0.8312581,1.0
0.6735028,1.0
0.97779274,0.0
0.2415993,0.0
0.6810028,0.0
0.74788034,0.0
0.47765777,0.0
0.9879326,0.0
0.038311895,0.0
0.12811272,1.0
0.9481559,1.0
0.22409435,0.0
0.828633,1.0
0.7075254,0.0
0.9610796,1.0
0.89038765,0.0
0.9591636,0.0
0.74468344,0.0
0.95706445,0.0
0.07580555,0.0
0.721192,1.0
0.9245499,1.0
0.8645019,1.0
0.14935175,1.0
0.77631694,0.0
0.796943,1.0
0.56831664,1.0
0.9939863,0.0
0.60992616,1.0
0.92198986,1.0
0.0007102673,1.0
0.43258485,1.0
0.9021492,0.0
0.0009446816,1.0
0.97511923,1.0
0.9445386,1.0
0.98181695,0.0
0.93994427,1.0
0.92710125,0.0
0.9949421,0.0
0.9258221,0.0
0.6928541,1.0
0.56776303,0.0
0.24487782,1.0
0.05064633,0.0
0.9428201,1.0
0.4011984,0.0
0.28388894,0.0
0.44731608,1.0
0.9300167,1.0
0.70815724,1.0
0.97221804,0.0
0.33613038,0.0
0.5308385,1.0
0.97209245,1.0
0.15714689,1.0
0.90361416,0.0
0.8451506,1.0
0.12531354,0.0
0.4464508,0.0
0.7452797,0.0
0.61496603,1.0
0.94524163,0.0
0.90076745,0.0
0.7996508,0.0
0.0027831723,0.0
0.7939682,0.0
0.09409372,0.0
0.3620754,1.0
0.32123625,1.0
0.981424,0.0
0.40685588,1.0
0.87142086,0.0
0.1304969,0.0
0.012888081,0.0
0.877113,1.0
0.37537086,0.0
0.49538317,1.0
0.8949718,0.0
0.964323,0.0
0.25584054,1.0
0.88633454,1.0
0.23115928,0.0
0.846023,1.0
0.64745444,1.0
0.25835195,1.0
0.30443025,1.0
0.98353237,1.0
0.49517336,0.0
0.604701,0.0
0.07927696,1.0
0.33182597,1.0
0.78416055,1.0
0.86318254,1.0
0.14302497,1.0
0.9327078,1.0
0.94820184,0.0
0.020053372,0.0
0.8748099,1.0
0.8923878,1.0
0.99588645,0.0
0.9687052,0.0
0.027140124,1.0
0.74609005,1.0
0.4606684,1.0
0.2511436,0.0
0.41951504,0.0
0.9272812,1.0
0.16612974,0.0
0.31875452,1.0
0.88034743,1.0
0.5935845,1.0
0.33658853,1.0
0.61206317,1.0
0.36792278,0.0
0.1229846,1.0
0.6162206,1.0
0.30392772,1.0
0.13117154,1.0
0.91130257,1.0
9.841716e-05,1.0
0.027384937,0.0
0.9516575,1.0
0.38373503,1.0
0.6283113,0.0
0.8958556,0.0
0.9147379,0.0
0.7725659,1.0
0.67622775,1.0
0.83967346,0.0
0.9916073,1.0
0.5360404,1.0
0.93626386,0.0
0.7107866,0.0
0.966634,1.0
0.75760645,0.0
0.317843,0.0
0.55480325,1.0
0.5993681,1.0
0.1376003,0.0
0.025391826,0.0
0.199679,1.0
0.28575227,0.0
0.7798722,1.0
0.8648285,1.0
0.8922982,0.0
0.18402341,0.0
0.7440967,1.0
0.5448222,0.0
0.9831299,1.0
0.6285734,0.0
0.69442415,0.0
0.8642052,0.0
0.5481574,0.0
0.6348943,1.0
0.8643169,1.0
0.8578483,0.0
0.14737631,1.0
0.6422944,1.0
0.31464303,0.0
0.5608988,1.0
0.9751596,0.0
0.8443869,0.0
0.5910465,1.0
0.4461332,1.0
0.1578751,0.0
0.015105503,1.0
0.23351264,0.0
0.867986,0.0
0.846607,1.0
0.08674462,1.0
0.26969653,0.0
0.31177846,1.0
0.9015035,1.0
0.48883125,0.0
0.99490815,1.0
0.9661034,1.0
0.9924269,1.0
0.6252418,1.0
0.9794761,1.0
0.27967086,1.0
0.95402616,1.0
0.70715123,1.0
0.6810205,1.0
0.89007014,0.0
0.96335566,0.0
0.9692094,0.0
0.9880396,1.0
0.16629907,0.0
0.43662748,1.0
0.36270332,1.0
0.2387961,1.0
0.109399155,1.0
0.93694097,1.0
0.26445767,0.0
0.4869797,1.0
0.5826077,0.0
0.9446954,1.0
0.61652565,1.0
0.44941875,0.0
0.7910216,0.0
0.35287687,0.0
0.9907104,1.0
0.23409553,1.0
0.58357424,0.0
0.86294156,1.0
0.23168914,1.0
0.7931586,0.0
0.6449649,0.0
0.07292297,0.0
0.44333455,1.0
0.12675792,0.0
0.9979479,1.0
0.666136,0.0
0.38519296,0.0
0.9356373,1.0
0.7365119,0.0
0.5280934,1.0
0.44694558,0.0
0.45925784,0.0
0.9583686,0.0
0.14086138,0.0
0.2639485,0.0
0.736378,1.0
0.057533015,1.0
0.9186244,1.0
0.88471127,1.0
0.13487521,0.0
0.89843017,0.0
0.89445764,1.0
0.98142654,1.0
0.16052379,1.0
0.21833491,0.0
0.78849393,1.0
0.9703981,0.0
0.28848642,0.0
0.18794467,0.0
0.38729236,0.0
0.86449844,0.0
0.33204874,1.0
0.14773431,1.0
0.68501997,1.0
0.97110313,0.0
0.38607755,0.0
0.9017872,0.0
0.7071115,0.0
0.88541955,0.0
0.9095177,1.0
0.7837643,1.0
0.81896895,0.0
0.98088855,0.0
0.45342198,1.0
0.60454524,0.0
0.031244123,1.0
0.011542821,1.0
0.8734644,1.0
0.0017409731,0.0
0.80993474,0.0
0.41672444,0.0
0.8453003,0.0
0.8884739,0.0
0.120206825,0.0
0.96754485,1.0
0.9894431,0.0
0.044573154,0.0
0.98997205,0.0
0.059646662,0.0
0.4125553,1.0
0.20386918,1.0
0.46858427,1.0
0.57332927,0.0
0.78355974,1.0
0.63858443,0.0
0.9415323,0.0
0.8985106,1.0
